[
    {
     "id": "1db5fb66-e0d9-11eb-ba80-0242ac130004",
     "title": "1984",
     "year":"2015",
     "author":"Джордж Оруэлл",
      "count": 13,
      "description": "Своеобразный антипод второй великой антиутопии XX века О дивный новый мир Олдоса Хаксли. Что, в сущности, страшнее: доведенное до абсурда "общество появления" или доведенное до абсолюта "общество идеи"? По Оруэллу, нет и не может быть ничего ужаснее тотальной несвободы...",
       "price": 11.73,
     "picture": "https://s5-goods.ozstatic.by/480/449/348/10/10348449_0_1984_Dzhordzh_Oruell.jpg"
    },
    {
        "id": "1bf69a28-e0da-11eb-ba80-0242ac130004",
        "title": "Ход королевы",
        "year":"2020",
        "author":"Уолтер Тевис",
        "count": 4,
        "description": "Бет Хармон - тихая, угрюмая и на первый взгляд ничем не примечательная восьмилетняя девочка, которую отправляют в приют после гибели матери. Она лишена любви и эмоциональной поддержки. Ее круг общения - еще одна сирота и сторож, он учит Бет играть в шахматы, которые постепенно становятся для нее смыслом жизни. По мере взросления юный гений начинает злоупотреблять транквилизаторами и алкоголем, сбегая тем самым от реальности. Лишь во время игры в шахматы ее мысли проясняются и она может возвращать себе контроль. Уже в шестнадцать лет Бет становится участником Открытого чемпионата США по шахматам. Но параллельно ее стремлению отточить свои навыки на профессиональном уровне, ставки возрастают, ее изоляция обретает пугающий масштаб, а желание сбежать от реальности становится соблазнительнее. И наступает момент, когда ей предстоит сразиться с лучшим игроком мира. Сможет ли она победить или станет жертвой своих пристрастий, как это уже случалось в прошлом?",
        "price": 17.65,
        "picture": "https://s2-goods.ozstatic.by/480/72/970/10/10970072_0_Hod_korolevi_Uolter_Tevis.jpg"
       }
  ]